ISO,Score,country
FIN,87,Finland
EST,89,Estonia
NLD,88,Netherlands
SWE,88,Sweden
LTU,82,Lithuania
DNK,86,Denmark
IRL,86,Ireland
PRT,84,Portugal
CHE,83,Switzerland
CZE,83,Czechia
NOR,92,Norway
LIE,83,Liechtenstein
LUX,83,Luxembourg
DEU,83,Germany
LVA,81,Latvia
NZL,81,New Zealand
ISL,81,Iceland
BEL,80,Belgium
TTO,79,Trinidad and Tobago
GBR,78,United Kingdom
CAN,78,Canada
AUT,78,Austria
ESP,77,Spain
TWN,77,"Taiwan, Province of China"
FRA,76,France
JAM,75,Jamaica
ZAF,75,South Africa
NAM,75,Namibia
AUS,75,Australia
CPV,74,Cabo Verde
POL,74,Poland
SUR,74,Suriname
SVN,74,Slovenia
ARM,73,Armenia
MDA,73,"Moldova, Republic of"
CRI,73,Costa Rica
FJI,71,Fiji
SVK,71,Slovakia
TLS,71,Timor-Leste
LBY,40,Libya
GAB,70,Gabon
MKD,70,North Macedonia
DOM,69,Dominican Republic
WSM,69,Samoa
SYC,68,Seychelles
TON,68,Tonga
BLZ,68,Belize
CSS,68,
ITA,68,Italy
MRT,67,Mauritania
MUS,67,Mauritius
GHA,67,Ghana
PAN,66,Panama
LBR,66,Liberia
ROU,66,Romania
SLE,66,Sierra Leone
USA,65,United States
GMB,65,Gambia
URY,65,Uruguay
HRV,64,Croatia
QAT,58,Qatar
UKR,63,Ukraine
BRA,63,Brazil
CIV,63,Côte d'Ivoire
AND,63,Andorra
JPN,63,Japan
MLT,62,Malta
HUN,62,Hungary
CHL,62,Chile
BGR,60,Bulgaria
COG,60,Congo
CAF,60,Central African Republic
GUY,60,Guyana
SEN,59,Senegal
COM,59,Comoros
MWI,59,Malawi
CYP,59,Cyprus
PNG,58,Papua New Guinea
OMN,42,Oman
ALB,58,Albania
BWA,57,Botswana
ZMB,57,Zambia
NER,57,Niger
PRY,56,Paraguay
MNE,72,Montenegro
BIH,56,Bosnia and Herzegovina
ARG,56,Argentina
MYS,56,Malaysia
GRC,55,Greece
NPL,55,Nepal
CTU,54,
BEN,54,Benin
BOL,54,"Bolivia, Plurinational State of"
ECU,53,Ecuador
LAO,33,Lao People's Democratic Republic
KWT,44,Kuwait
BRN,53,Brunei Darussalam
SWZ,52,Eswatini
XKX,52,
AGO,52,Angola
MOZ,52,Mozambique
MNG,52,Mongolia
GIN,52,Guinea
MDV,52,Maldives
BFA,52,Burkina Faso
ZWE,52,Zimbabwe
LSO,52,Lesotho
TCD,51,Chad
SSD,51,South Sudan
GNB,51,Guinea-Bissau
HTI,51,Haiti
ISR,51,Israel
MDG,50,Madagascar
GEO,50,Georgia
COL,49,Colombia
PHL,49,Philippines
KEN,49,Kenya
GNQ,48,Equatorial Guinea
MLI,48,Mali
MAR,48,Morocco
TGO,48,Togo
NGA,46,Nigeria
KOR,64,"Korea, Republic of"
MEX,45,Mexico
BDI,45,Burundi
DZA,44,Algeria
IDN,44,Indonesia
SRB,53,Serbia
TUN,43,Tunisia
PER,42,Peru
CMR,42,Cameroon
LBN,42,Lebanon
COD,42,"Congo, The Democratic Republic of the"
BLR,25,Belarus
SLV,41,El Salvador
SOM,40,Somalia
TJK,32,Tajikistan
GTM,40,Guatemala
LKA,39,Sri Lanka
HKG,39,Hong Kong
TZA,53,"Tanzania, United Republic of"
HND,38,Honduras
UGA,37,Uganda
KGZ,37,Kyrgyzstan
ETH,36,Ethiopia
RWA,35,Rwanda
JOR,35,Jordan
UZB,35,Uzbekistan
BGD,33,Bangladesh
AFG,17,Afghanistan
IND,32,India
BTN,32,Bhutan
THA,56,Thailand
YEM,31,Yemen
IRQ,30,Iraq
SDN,30,Sudan
BHR,30,Bahrain
PAK,29,Pakistan
TUR,29,Türkiye
VEN,29,"Venezuela, Bolivarian Republic of"
KHM,28,Cambodia
SAU,27,Saudi Arabia
PSE,27,"Palestine, State of"
ARE,26,United Arab Emirates
CUB,26,Cuba
SGP,45,Singapore
AZE,25,Azerbaijan
DJI,25,Djibouti
MMR,25,Myanmar
EGY,24,Egypt
RUS,24,Russian Federation
NIC,22,Nicaragua
SYR,15,Syrian Arab Republic
KAZ,39,Kazakhstan
VNM,19,Viet Nam
IRN,16,"Iran, Islamic Republic of"
TKM,19,Turkmenistan
CHN,14,China
PRK,12,"Korea, Democratic People's Republic of"
ERI,11,Eritrea
